id,first_name,last_name,email,ip_address
1,Florentia,Moyce,fmoyce0@dell.com,85.207.176.145/27
2,Karlotta,Klammt,kklammt1@cafepress.com,80.8.108.28/23
3,Justen,Tootell,jtootell2@ning.com,138.37.198.31/28
4,Valentin,Muir,vmuir3@is.gd,7.148.150.73/29
5,Aura,Flanigan,aflanigan4@mysql.com,129.103.80.184/7
6,Silvan,McIlwrick,smcilwrick5@amazon.com,107.216.149.109/15
7,Demetris,Sodory,dsodory6@barnesandnoble.com,10.254.173.212/30
8,Harriette,Hairsnape,hhairsnape7@businessweek.com,252.90.89.195/14
9,Kacy,Enterlein,kenterlein8@github.io,182.185.46.94/13
10,Brigid,Reilly,breilly9@squidoo.com,180.218.249.161/2
11,Tate,Fritchly,tfritchlya@issuu.com,15.205.67.184/1
12,Milli,Kiebes,mkiebesb@mashable.com,208.97.136.74/31
13,Giulia,Leaney,gleaneyc@yahoo.com,184.42.23.250/22
14,Inness,Plett,iplettd@usnews.com,206.67.13.162/2
15,Jammal,Poge,jpogee@who.int,87.152.120.215/26
16,Anders,Mair,amairf@biblegateway.com,227.171.219.17/11
17,Chadd,Sconce,csconceg@slate.com,178.65.77.165/19
18,Elvin,Chicco,echiccoh@icq.com,117.78.245.211/26
19,Alexi,Schimon,aschimoni@cloudflare.com,15.148.85.223/22
20,Shelby,Gasgarth,sgasgarthj@edublogs.org,66.33.17.136/24
21,Nickey,Pentin,npentink@nba.com,80.178.70.170/27
22,Betsey,Barstowk,bbarstowkl@huffingtonpost.com,195.170.220.45/5
23,Crosby,Packer,cpackerm@moonfruit.com,229.75.153.78/24
24,Nehemiah,Feld,nfeldn@answers.com,58.64.0.100/22
25,Caesar,Pettigree,cpettigreeo@scribd.com,38.55.214.12/20
26,Cthrine,Cheasman,ccheasmanp@dyndns.org,181.27.24.36/1
27,Eldon,Kilpin,ekilpinq@artisteer.com,252.20.214.160/15
28,Elmer,Yukhnov,eyukhnovr@senate.gov,246.207.110.105/5
29,Tilly,Unworth,tunworths@printfriendly.com,140.205.103.144/28
30,Erroll,Rosterne,erosternet@newyorker.com,76.146.83.50/23
31,Fleurette,Leijs,fleijsu@blogspot.com,42.212.166.106/11
32,Calley,Caulket,ccaulketv@reverbnation.com,12.99.115.129/5
33,Harrie,Gerrish,hgerrishw@hud.gov,200.176.13.46/21
34,Willetta,Guilloux,wguillouxx@opera.com,170.241.9.102/20
35,Ginnifer,Nieass,gnieassy@hostgator.com,29.132.220.64/12
36,Doro,Petyankin,dpetyankinz@themeforest.net,109.75.138.76/27
37,Agnola,Hoggin,ahoggin10@jugem.jp,196.189.180.117/16
38,Serena,Balharrie,sbalharrie11@github.io,248.61.6.88/5
39,Gawen,Bauchop,gbauchop12@soup.io,126.16.73.21/31
40,Henri,Compton,hcompton13@accuweather.com,210.142.1.180/12
41,Vinita,Vitet,vvitet14@xing.com,165.3.249.145/30
42,Gwenette,Grunnill,ggrunnill15@google.es,118.42.247.223/31
43,Felicdad,Ketts,fketts16@huffingtonpost.com,221.187.38.238/5
44,Alvie,Kennham,akennham17@theglobeandmail.com,72.107.82.255/8
45,Cher,Andriesse,candriesse18@fc2.com,36.228.50.158/19
46,Paddy,Dumbrall,pdumbrall19@51.la,57.219.142.91/12
47,Jo-anne,Dudny,jdudny1a@unesco.org,223.70.143.131/23
48,Nickolaus,Braiden,nbraiden1b@lulu.com,196.180.91.248/9
49,Christyna,Towell,ctowell1c@wsj.com,164.126.240.6/27
50,Reynard,Goodale,rgoodale1d@smugmug.com,234.213.252.149/20
51,Augustine,Gabits,agabits1e@unblog.fr,159.192.204.50/8
52,Arlena,Stirman,astirman1f@360.cn,25.114.86.127/14
53,Rhody,Adamovich,radamovich1g@sciencedirect.com,42.106.128.93/15
54,Randi,Birtwistle,rbirtwistle1h@umich.edu,77.153.142.132/14
55,Charlena,Domniney,cdomniney1i@nationalgeographic.com,131.45.7.126/4
56,Saundra,Llorente,sllorente1j@jiathis.com,247.146.248.202/31
57,Alf,Zanni,azanni1k@edublogs.org,215.231.74.175/12
58,Randall,McCole,rmccole1l@delicious.com,60.184.19.68/14
59,Natalee,Grigorkin,ngrigorkin1m@parallels.com,32.193.37.177/10
60,Tabatha,Camm,tcamm1n@nhs.uk,47.127.212.219/9
61,Tani,Southan,tsouthan1o@google.com.br,185.248.96.209/28
62,Lyndsay,Cathcart,lcathcart1p@mit.edu,41.132.205.91/28
63,Stefa,Mertsching,smertsching1q@so-net.ne.jp,248.9.252.80/19
64,Melisse,Humphrey,mhumphrey1r@vimeo.com,180.11.249.152/11
65,Torie,Gooderick,tgooderick1s@smh.com.au,96.198.185.14/1
66,Nerta,Posvner,nposvner1t@cyberchimps.com,202.99.47.46/20
67,Lyn,McGrath,lmcgrath1u@toplist.cz,67.171.106.195/30
68,Deeanne,Sharnock,dsharnock1v@linkedin.com,48.94.162.236/13
69,Clevie,Kertess,ckertess1w@rediff.com,62.245.94.26/16
70,Rene,Scurrell,rscurrell1x@digg.com,106.134.151.69/8
71,Jessey,Hardisty,jhardisty1y@pen.io,179.203.146.121/21
72,Cacilie,Cowles,ccowles1z@unesco.org,121.205.243.6/29
73,Jo-anne,Walczynski,jwalczynski20@angelfire.com,53.219.1.196/14
74,Regen,Halvorsen,rhalvorsen21@1688.com,102.42.61.132/10
75,Kirbee,Truman,ktruman22@themeforest.net,243.85.152.38/8
76,Dion,Newstead,dnewstead23@who.int,205.82.249.48/28
77,Edvard,Marsay,emarsay24@ca.gov,134.158.167.107/27
78,Forest,Chitty,fchitty25@a8.net,220.127.197.110/25
79,Dedra,Kisby,dkisby26@domainmarket.com,207.175.198.200/17
80,Leola,Peddowe,lpeddowe27@upenn.edu,16.222.106.109/24
81,Bord,Aizikovich,baizikovich28@disqus.com,217.35.218.249/22
82,Bailie,McGourty,bmcgourty29@si.edu,78.235.31.24/23
83,Gussie,McGeown,gmcgeown2a@huffingtonpost.com,138.18.94.36/16
84,Kilian,Scruton,kscruton2b@biblegateway.com,28.42.249.69/29
85,Merwin,Kellaway,mkellaway2c@europa.eu,247.89.100.245/6
86,Raf,Dansie,rdansie2d@w3.org,99.15.118.73/23
87,Sully,Cammis,scammis2e@booking.com,84.95.56.175/21
88,Nerti,Wasielewski,nwasielewski2f@is.gd,77.123.74.213/23
89,Fayette,Kensit,fkensit2g@sciencedaily.com,133.217.59.185/11
90,Heidi,Fulun,hfulun2h@cocolog-nifty.com,19.249.71.236/28
91,Zelma,Lowdiane,zlowdiane2i@boston.com,115.176.92.3/1
92,Roseanna,Skelington,rskelington2j@chicagotribune.com,39.116.25.212/12
93,Prentice,Enriques,penriques2k@wunderground.com,167.18.220.251/8
94,Perle,Whitlow,pwhitlow2l@mediafire.com,57.66.114.108/9
95,Othello,Gatland,ogatland2m@dell.com,173.223.47.254/9
96,Robby,Kilbourn,rkilbourn2n@foxnews.com,125.72.114.35/11
97,Norby,Muge,nmuge2o@weibo.com,189.237.39.179/7
98,Clayson,Stegers,cstegers2p@gizmodo.com,153.38.178.243/20
99,Jerrold,Boarer,jboarer2q@woothemes.com,31.166.63.17/18
100,Adan,Hirsch,ahirsch2r@symantec.com,215.128.210.100/9
101,Junia,Keeton,jkeeton2s@msu.edu,154.62.9.26/8
102,Chrissie,Poulglais,cpoulglais2t@bloomberg.com,168.21.151.30/1
103,Daren,Midlar,dmidlar2u@webnode.com,165.28.105.35/19
104,Glenn,Cracker,gcracker2v@edublogs.org,30.49.168.32/13
105,Florida,Dissman,fdissman2w@statcounter.com,143.63.93.255/3
106,Rooney,Ensten,rensten2x@dot.gov,253.10.193.52/22
107,Dru,Gruszka,dgruszka2y@usa.gov,41.80.95.152/9
108,Stu,Physick,sphysick2z@loc.gov,70.74.210.132/31
109,Onida,Essex,oessex30@cloudflare.com,65.216.169.204/14
110,Armando,Verman,averman31@salon.com,235.109.189.64/14
111,Brewer,Woolis,bwoolis32@wp.com,119.223.230.2/2
112,Giuseppe,Bourrel,gbourrel33@php.net,210.22.229.62/5
113,Jeniece,Adam,jadam34@indiegogo.com,208.228.95.161/7
114,Sashenka,Matejka,smatejka35@hp.com,145.224.120.52/3
115,Orelle,Quennell,oquennell36@salon.com,43.228.67.17/3
116,Carin,Arthy,carthy37@army.mil,91.39.210.63/14
117,Juana,Cabble,jcabble38@reuters.com,149.164.115.73/21
118,Ruttger,Normant,rnormant39@1und1.de,130.181.232.121/20
119,Melly,Stede,mstede3a@army.mil,198.16.149.253/16
120,Timothee,Espinay,tespinay3b@si.edu,224.45.151.253/13
121,Roseann,Dagwell,rdagwell3c@soup.io,241.231.7.78/9
122,Keeley,Keymar,kkeymar3d@sbwire.com,231.4.238.133/2
123,Shepperd,Tregunna,stregunna3e@discuz.net,214.197.80.188/3
124,Rafa,Fairfull,rfairfull3f@t-online.de,203.181.77.210/4
125,Derron,Rodders,drodders3g@ftc.gov,56.200.57.109/19
126,Roanne,MacMurray,rmacmurray3h@ibm.com,10.25.79.231/29
127,Randy,Buckby,rbuckby3i@jigsy.com,28.152.231.194/13
128,Halsey,Erie,herie3j@bbc.co.uk,9.127.68.112/23
129,Roanne,Whitter,rwhitter3k@taobao.com,210.167.221.47/10
130,Henri,Voas,hvoas3l@altervista.org,51.142.97.75/15
131,Calypso,Colleck,ccolleck3m@craigslist.org,125.8.36.145/21
132,Janina,Swanbourne,jswanbourne3n@people.com.cn,243.49.240.236/5
133,Rawley,Gaukrodge,rgaukrodge3o@samsung.com,249.241.41.41/24
134,Dareen,Slyvester,dslyvester3p@unc.edu,96.91.104.42/5
135,Reta,Reddy,rreddy3q@devhub.com,218.201.208.66/5
136,Jemmy,Ors,jors3r@forbes.com,63.173.239.42/8
137,Bernette,Sedge,bsedge3s@smh.com.au,163.125.147.70/5
138,Lanette,Bradnam,lbradnam3t@infoseek.co.jp,7.18.32.44/2
139,Jeremy,Copello,jcopello3u@wisc.edu,235.71.248.65/1
140,Corine,Drust,cdrust3v@washingtonpost.com,61.174.31.199/21
141,Becka,Clayfield,bclayfield3w@wisc.edu,247.108.249.236/15
142,Silas,Neill,sneill3x@paginegialle.it,61.197.252.87/4
143,Calhoun,Zorzetti,czorzetti3y@cyberchimps.com,47.35.175.155/29
144,Rosamond,Tarrant,rtarrant3z@ucoz.ru,127.241.110.167/15
145,Spenser,Style,sstyle40@stanford.edu,90.75.238.146/20
146,Sharity,Grover,sgrover41@quantcast.com,111.173.46.0/31
147,Zilvia,Peret,zperet42@163.com,46.181.17.140/23
148,Jackson,Crunden,jcrunden43@cargocollective.com,140.183.150.76/26
149,Axe,Lygo,alygo44@slate.com,165.252.94.242/27
150,Idaline,Joburn,ijoburn45@mayoclinic.com,183.91.21.161/8
151,Clarine,Anan,canan46@plala.or.jp,79.58.118.205/21
152,Rodie,Handrik,rhandrik47@delicious.com,136.37.37.225/6
153,Cati,Slessor,cslessor48@cpanel.net,153.189.50.193/8
154,Martino,Sabberton,msabberton49@businessinsider.com,20.39.8.11/14
155,Nonna,Adne,nadne4a@blogs.com,211.113.89.25/7
156,Grantley,Etter,getter4b@usatoday.com,156.235.238.153/4
157,Meyer,Fannin,mfannin4c@phoca.cz,207.103.111.74/29
158,Horton,Soldner,hsoldner4d@hud.gov,240.134.75.107/15
159,Leena,Hightown,lhightown4e@lycos.com,205.151.78.219/4
160,Gradeigh,Augar,gaugar4f@liveinternet.ru,23.42.12.234/6
161,Arlena,Crosfield,acrosfield4g@purevolume.com,4.106.239.67/7
162,Poul,Drewe,pdrewe4h@multiply.com,248.219.168.229/28
163,Davidde,Eakley,deakley4i@a8.net,231.77.52.215/29
164,Lorianna,Batterton,lbatterton4j@bizjournals.com,21.84.190.195/27
165,Birch,Gerrish,bgerrish4k@barnesandnoble.com,80.193.220.216/4
166,Alene,Kyteley,akyteley4l@weebly.com,83.96.78.70/30
167,Toby,Rittmeyer,trittmeyer4m@dion.ne.jp,234.253.251.89/30
168,Brenda,D'Hooghe,bdhooghe4n@spotify.com,15.81.234.1/12
169,Arturo,Greenwood,agreenwood4o@virginia.edu,104.208.202.99/19
170,Lilias,Dawson,ldawson4p@vistaprint.com,235.119.159.245/13
171,Antonin,Vondrach,avondrach4q@opensource.org,250.92.121.216/7
172,Lucas,De Mattia,ldemattia4r@homestead.com,135.147.174.99/2
173,Mose,Brogini,mbrogini4s@oaic.gov.au,242.153.236.112/29
174,Clementius,Leatt,cleatt4t@cpanel.net,111.190.196.123/8
175,Lorenzo,Moine,lmoine4u@google.fr,95.240.210.188/30
176,Fraser,Bulger,fbulger4v@friendfeed.com,69.116.237.74/17
177,Pennie,Yerrell,pyerrell4w@cocolog-nifty.com,137.127.47.207/30
178,Rosamond,Label,rlabel4x@edublogs.org,205.82.189.156/13
179,Floyd,Manzell,fmanzell4y@ucoz.com,189.88.88.90/29
180,Martica,Kilty,mkilty4z@who.int,54.225.165.58/7
181,Vivia,Pinard,vpinard50@jigsy.com,233.62.135.19/20
182,Blayne,Jeacop,bjeacop51@unesco.org,14.189.42.148/22
183,Broddy,Sabey,bsabey52@exblog.jp,219.166.169.197/25
184,Jackson,Vernon,jvernon53@istockphoto.com,235.41.191.233/10
185,Brad,Nash,bnash54@a8.net,111.239.210.6/2
186,Janith,Keynd,jkeynd55@histats.com,156.149.222.6/30
187,Dallas,Isley,disley56@sciencedirect.com,66.227.65.47/19
188,Reggie,Norquoy,rnorquoy57@comsenz.com,197.187.21.139/4
189,Kylila,Felten,kfelten58@ow.ly,71.248.130.229/9
190,Stephani,Stolberger,sstolberger59@intel.com,17.113.4.130/14
191,Shurlocke,Marty,smarty5a@apple.com,156.165.171.91/6
192,Octavius,Boughey,oboughey5b@creativecommons.org,136.189.37.18/12
193,Phil,Redhills,predhills5c@oracle.com,235.204.255.177/30
194,Graehme,McCloud,gmccloud5d@craigslist.org,254.54.147.218/26
195,Otha,Doutch,odoutch5e@fema.gov,138.96.164.148/29
196,Tamma,Castagna,tcastagna5f@arstechnica.com,123.247.131.210/15
197,Ashleigh,Eloi,aeloi5g@google.ru,83.199.104.62/9
198,Korry,Jaggli,kjaggli5h@scientificamerican.com,113.112.108.182/20
199,Josi,Crucetti,jcrucetti5i@engadget.com,176.205.166.105/24
200,Debbie,Koppen,dkoppen5j@tinypic.com,64.26.69.101/29
201,Raff,Epperson,repperson5k@nba.com,100.3.140.160/16
202,Bee,Pleass,bpleass5l@t.co,217.47.98.245/23
203,Lillis,Dower,ldower5m@dell.com,126.146.156.213/18
204,Forster,Grahame,fgrahame5n@parallels.com,100.170.35.75/5
205,Todd,Paolazzi,tpaolazzi5o@etsy.com,162.172.251.28/18
206,Aaron,Deroche,aderoche5p@ow.ly,152.70.221.213/5
207,Karia,Bassam,kbassam5q@mashable.com,41.150.208.119/31
208,Lisette,Hallad,lhallad5r@aboutads.info,48.147.160.223/18
209,Rosaline,Suthren,rsuthren5s@cbc.ca,133.253.202.195/5
210,Marty,Eitter,meitter5t@noaa.gov,69.167.178.16/4
211,Gerry,Mervyn,gmervyn5u@sciencedaily.com,205.160.241.251/1
212,Gabriel,Covolini,gcovolini5v@marriott.com,131.211.149.121/3
213,Stanton,Raxworthy,sraxworthy5w@cdbaby.com,91.125.52.9/18
214,Skelly,Deane,sdeane5x@sciencedirect.com,48.249.254.58/12
215,Zahara,Boig,zboig5y@google.es,128.239.187.50/1
216,Andrew,Stribling,astribling5z@ibm.com,57.23.83.152/1
217,Maxie,Gasquoine,mgasquoine60@homestead.com,170.79.49.122/11
218,Warner,Foltin,wfoltin61@tmall.com,144.132.80.160/24
219,Moses,Ibell,mibell62@answers.com,181.75.14.156/23
220,Paxon,Skettles,pskettles63@php.net,95.3.19.139/31
221,Ives,O'Hallihane,iohallihane64@nbcnews.com,98.53.50.20/18
222,Gary,Dabinett,gdabinett65@mozilla.org,10.241.60.119/26
223,Tabbi,Turri,tturri66@surveymonkey.com,19.169.160.153/5
224,Irita,Bascomb,ibascomb67@sina.com.cn,222.251.64.246/19
225,Jessalin,Saggs,jsaggs68@msu.edu,77.255.136.94/16
226,Parker,Briggdale,pbriggdale69@list-manage.com,121.26.5.117/1
227,Junette,Emmison,jemmison6a@google.it,88.79.44.152/3
228,Ellie,Wrathmell,ewrathmell6b@jugem.jp,238.2.76.170/5
229,Lacie,Rogeron,lrogeron6c@list-manage.com,135.126.185.72/24
230,Skipton,Slocum,sslocum6d@last.fm,115.163.10.59/13
231,Dyana,Dingivan,ddingivan6e@gov.uk,143.67.102.63/29
232,Devy,Crotty,dcrotty6f@wufoo.com,152.247.43.11/14
233,Monique,Hyett,mhyett6g@cdbaby.com,31.15.37.37/19
234,Ketty,Bubbear,kbubbear6h@stumbleupon.com,236.22.209.72/21
235,Dorolice,Lamasna,dlamasna6i@nationalgeographic.com,3.148.64.112/7
236,Blinny,Meigh,bmeigh6j@ezinearticles.com,217.43.61.48/4
237,Franciska,Iacopo,fiacopo6k@hp.com,80.162.52.183/3
238,Pietra,Pires,ppires6l@de.vu,22.72.98.126/15
239,Rebecca,Searight,rsearight6m@ow.ly,238.152.72.128/5
240,Gussy,Von Salzberg,gvonsalzberg6n@cargocollective.com,85.80.43.111/1
241,Aurore,Spada,aspada6o@artisteer.com,252.44.138.49/6
242,Edan,Fragino,efragino6p@acquirethisname.com,128.112.130.83/15
243,Sher,Starsmeare,sstarsmeare6q@godaddy.com,84.171.41.13/2
244,Barth,Parkeson,bparkeson6r@blogs.com,153.32.48.182/8
245,Robb,Gilding,rgilding6s@booking.com,89.139.44.139/29
246,Pansie,O' Liddy,poliddy6t@nydailynews.com,255.149.65.35/18
247,Urban,Silson,usilson6u@yale.edu,240.209.223.138/24
248,Nigel,Pittle,npittle6v@list-manage.com,186.12.242.130/17
249,Roxy,Woodcroft,rwoodcroft6w@printfriendly.com,189.176.122.154/7
250,Zachariah,Vigrass,zvigrass6x@weather.com,134.164.255.228/2
251,Trix,Manson,tmanson6y@archive.org,72.200.245.165/21
252,Hamid,Shankle,hshankle6z@purevolume.com,74.246.39.169/25
253,Turner,Honatsch,thonatsch70@nydailynews.com,211.37.198.80/14
254,Delcina,Bullan,dbullan71@ca.gov,24.69.50.212/4
255,Sheila-kathryn,Clewarth,sclewarth72@kickstarter.com,104.127.84.121/31
256,Jocelyne,Baruch,jbaruch73@theglobeandmail.com,106.229.112.190/30
257,Ianthe,Draisey,idraisey74@arstechnica.com,210.139.111.251/26
258,Fonzie,Heffron,fheffron75@upenn.edu,145.212.217.220/16
259,Beverlie,Oag,boag76@de.vu,9.153.129.108/8
260,Fleurette,Bartleet,fbartleet77@webmd.com,37.152.113.1/14
261,Ardella,De Biasio,adebiasio78@telegraph.co.uk,231.104.148.237/10
262,Moyra,Sarsons,msarsons79@nifty.com,56.72.255.210/28
263,Quent,Fetter,qfetter7a@dmoz.org,252.240.209.103/23
264,Shalne,Schlagh,sschlagh7b@mail.ru,82.192.130.56/21
265,Constancia,Poile,cpoile7c@smh.com.au,217.83.53.148/29
266,Celka,Diego,cdiego7d@earthlink.net,82.123.106.146/28
267,Claus,Yewen,cyewen7e@tripod.com,98.144.188.25/22
268,Carley,Joye,cjoye7f@i2i.jp,200.122.119.118/24
269,Sibyl,Jevons,sjevons7g@ehow.com,111.60.105.138/20
270,Verina,Guillot,vguillot7h@google.pl,38.214.93.75/22
271,Sibley,Wreath,swreath7i@geocities.com,91.241.106.199/31
272,Karissa,Platts,kplatts7j@gnu.org,202.171.9.206/5
273,Frans,Decayette,fdecayette7k@princeton.edu,22.34.163.12/3
274,Ruttger,Muff,rmuff7l@discovery.com,179.33.80.254/28
275,Honoria,Brian,hbrian7m@ed.gov,96.4.140.34/14
276,Kristi,Bricknall,kbricknall7n@cafepress.com,239.203.210.12/6
277,Wilmar,Pyke,wpyke7o@typepad.com,168.144.99.192/23
278,Estella,Tabor,etabor7p@imgur.com,149.170.108.80/17
279,Jessamine,Terrington,jterrington7q@cafepress.com,27.61.131.255/11
280,Hershel,Dooler,hdooler7r@w3.org,243.247.224.27/4
281,Ursula,Pamphilon,upamphilon7s@so-net.ne.jp,211.21.37.121/30
282,Maure,Duferie,mduferie7t@ucla.edu,112.69.242.188/24
283,Morse,Kinson,mkinson7u@miitbeian.gov.cn,231.102.165.146/5
284,Arie,Osbourne,aosbourne7v@intel.com,108.144.243.89/28
285,Norri,Wastell,nwastell7w@feedburner.com,109.180.191.134/7
286,Gratia,Barber,gbarber7x@businessweek.com,80.106.22.133/12
287,Germayne,Deporte,gdeporte7y@theatlantic.com,236.153.234.178/18
288,Evyn,Yashaev,eyashaev7z@chronoengine.com,201.110.61.130/2
289,Michal,Hullah,mhullah80@disqus.com,38.26.135.70/9
290,Corene,Fernan,cfernan81@odnoklassniki.ru,175.177.0.10/17
291,Clemmy,Rose,crose82@deviantart.com,229.17.17.250/13
292,Ketti,Ander,kander83@nytimes.com,129.66.12.131/20
293,Filippo,Ladon,fladon84@blog.com,251.231.160.26/14
294,Raimondo,McAuley,rmcauley85@bizjournals.com,103.126.7.246/2
295,Twyla,Charlo,tcharlo86@amazon.co.uk,72.44.84.123/2
296,Stavro,Ruppelin,sruppelin87@is.gd,214.74.171.120/27
297,Lynn,Drewett,ldrewett88@360.cn,98.244.176.123/6
298,Lilli,Blake,lblake89@google.nl,203.178.209.105/30
299,Vinny,Kiefer,vkiefer8a@fda.gov,36.144.239.136/31
300,Sonnie,Wolffers,swolffers8b@mysql.com,146.97.104.157/6
301,Cassie,Charpling,ccharpling8c@disqus.com,123.142.71.18/25
302,Laureen,Bulford,lbulford8d@sakura.ne.jp,169.113.16.223/26
303,Dougy,Ivain,divain8e@lycos.com,104.101.33.87/7
304,Gawen,Mose,gmose8f@microsoft.com,26.250.59.16/2
305,Chad,Angrick,cangrick8g@admin.ch,241.74.81.249/18
306,Stephenie,Beynkn,sbeynkn8h@sfgate.com,198.248.202.155/15
307,Lee,Muggeridge,lmuggeridge8i@businessinsider.com,246.89.5.83/4
308,Nomi,Lobe,nlobe8j@earthlink.net,1.219.133.106/2
309,Jerrilee,Mitcham,jmitcham8k@boston.com,84.241.17.93/26
310,Concordia,Boulden,cboulden8l@woothemes.com,124.183.161.30/2
311,Sarine,Marchelli,smarchelli8m@etsy.com,199.249.128.54/30
312,Elna,Caudelier,ecaudelier8n@wix.com,251.87.111.8/27
313,Herman,Haslock,hhaslock8o@vkontakte.ru,123.202.234.113/9
314,Cobb,Vescovini,cvescovini8p@hatena.ne.jp,100.66.248.242/1
315,Susette,Kitchingman,skitchingman8q@dailymotion.com,3.96.32.150/3
316,Irvine,de Grey,idegrey8r@livejournal.com,177.45.237.68/13
317,Cesya,Cosford,ccosford8s@xrea.com,138.76.212.201/29
318,Xylina,Shalcros,xshalcros8t@naver.com,11.114.184.36/30
319,Nady,Wager,nwager8u@google.co.jp,167.137.181.211/23
320,Vanessa,Damarell,vdamarell8v@mozilla.com,135.156.226.153/10
321,Veronike,Alldritt,valldritt8w@elpais.com,140.144.136.216/2
322,Sharity,Siret,ssiret8x@miitbeian.gov.cn,155.96.24.66/30
323,Vernice,Iglesias,viglesias8y@unicef.org,39.3.152.135/7
324,Zorina,Bollins,zbollins8z@ucsd.edu,184.226.175.84/22
325,Aveline,Havesides,ahavesides90@quantcast.com,235.156.206.234/19
326,Eulalie,Rebanks,erebanks91@sogou.com,129.131.208.122/23
327,Reinaldo,Sushams,rsushams92@issuu.com,212.55.184.47/5
328,Erena,Dimock,edimock93@wikimedia.org,106.93.16.79/26
329,Lori,Peye,lpeye94@about.me,241.131.60.110/28
330,Cchaddie,Robion,crobion95@businessinsider.com,126.249.224.95/20
331,Silvie,Bushell,sbushell96@vk.com,146.203.87.127/18
332,Delmor,Booeln,dbooeln97@ed.gov,200.52.39.37/28
333,Vivie,Gibbens,vgibbens98@answers.com,112.115.90.183/26
334,Hank,Carlesso,hcarlesso99@webs.com,255.18.154.67/9
335,Frederico,Dunley,fdunley9a@walmart.com,145.40.82.184/8
336,Bonny,Curzey,bcurzey9b@purevolume.com,108.222.71.159/26
337,Celesta,Rohan,crohan9c@moonfruit.com,34.165.62.117/11
338,Myrvyn,Joddens,mjoddens9d@mozilla.com,103.28.174.109/30
339,Diandra,Brumble,dbrumble9e@wikimedia.org,201.230.142.199/25
340,Pacorro,Schuricht,pschuricht9f@usda.gov,227.76.244.94/12
341,Jewel,Mayling,jmayling9g@usatoday.com,135.218.213.189/22
342,Stanfield,Shearsby,sshearsby9h@mac.com,19.211.85.32/14
343,Valene,Menlove,vmenlove9i@auda.org.au,97.174.82.129/1
344,Rea,Thamelt,rthamelt9j@freewebs.com,8.152.241.228/5
345,Reinald,Kenrick,rkenrick9k@newsvine.com,186.63.203.227/20
346,Lebbie,Dahlen,ldahlen9l@networkadvertising.org,206.19.184.170/18
347,Tedda,Targett,ttargett9m@paypal.com,224.41.80.45/17
348,Mack,Emlyn,memlyn9n@sciencedirect.com,210.57.51.78/31
349,Thorn,Lamdin,tlamdin9o@uiuc.edu,178.209.207.70/4
350,Brendan,Kilborn,bkilborn9p@github.com,217.45.82.104/18
351,Mikkel,Gozzett,mgozzett9q@reference.com,243.201.62.236/16
352,Herculie,Gregorowicz,hgregorowicz9r@cocolog-nifty.com,74.96.107.213/5
353,Orelle,Liddell,oliddell9s@smugmug.com,162.127.53.180/21
354,Denice,Flay,dflay9t@exblog.jp,236.57.224.178/20
355,Claiborn,O'Fearguise,cofearguise9u@yale.edu,107.70.197.135/23
356,Tabitha,Speke,tspeke9v@marriott.com,162.223.99.8/11
357,Yasmeen,Prestie,yprestie9w@wikipedia.org,44.201.250.13/2
358,Moses,Aven,maven9x@bloglines.com,76.21.139.149/9
359,Joshuah,Royden,jroyden9y@barnesandnoble.com,49.8.128.218/23
360,Ivar,Hainge,ihainge9z@google.pl,135.141.142.39/5
361,Mattie,Bengal,mbengala0@amazon.de,214.200.69.95/27
362,Freemon,Farge,ffargea1@vkontakte.ru,176.40.76.228/4
363,Chandra,Bilsford,cbilsforda2@imgur.com,228.221.233.45/23
364,Berry,Dymick,bdymicka3@php.net,69.114.104.246/12
365,Marcie,Beavan,mbeavana4@goodreads.com,188.113.127.152/17
366,Glyn,Caser,gcasera5@prlog.org,240.232.123.176/26
367,Suzann,Jaine,sjainea6@wired.com,125.142.46.19/4
368,Allissa,Trevenu,atrevenua7@cnbc.com,85.124.179.138/3
369,Carilyn,Patchett,cpatchetta8@engadget.com,118.106.49.51/17
370,Bunni,Nottingam,bnottingama9@yahoo.co.jp,79.155.123.119/28
371,Cathie,Constable,cconstableaa@umich.edu,41.162.252.124/28
372,Bendicty,Davoren,bdavorenab@cornell.edu,47.131.9.217/11
373,Neel,Ensor,nensorac@scientificamerican.com,6.141.164.110/17
374,Antoine,Spyvye,aspyvyead@slideshare.net,202.39.3.213/26
375,Rey,Halksworth,rhalksworthae@home.pl,205.67.172.63/6
376,Jilleen,McCrae,jmccraeaf@google.com,121.101.226.23/24
377,Witty,Massot,wmassotag@cmu.edu,45.24.159.132/3
378,Andeee,Sewell,asewellah@wikimedia.org,184.20.118.196/24
379,Corney,Motto,cmottoai@usda.gov,142.45.110.66/27
380,Heriberto,Lammin,hlamminaj@nps.gov,194.150.193.201/20
381,Kevina,Meece,kmeeceak@scientificamerican.com,34.160.134.30/20
382,Heriberto,Kingdon,hkingdonal@phoca.cz,246.64.210.159/16
383,Llywellyn,Fernyhough,lfernyhougham@nydailynews.com,144.189.215.219/18
384,Sapphira,De Mitris,sdemitrisan@acquirethisname.com,13.112.58.184/14
385,Abigale,Scollan,ascollanao@oaic.gov.au,88.115.111.143/30
386,Retha,Beams,rbeamsap@intel.com,106.100.22.121/30
387,Rick,Maydway,rmaydwayaq@seesaa.net,46.157.113.6/8
388,Aileen,MacCrachen,amaccrachenar@sakura.ne.jp,239.232.185.159/9
389,Brucie,Curran,bcurranas@unesco.org,217.231.162.146/9
390,Marabel,Barnet,mbarnetat@economist.com,192.30.67.0/17
391,Gradeigh,Burden,gburdenau@linkedin.com,203.116.51.105/16
392,Rosana,Capell,rcapellav@tinypic.com,176.7.188.211/28
393,Cam,Taphouse,ctaphouseaw@japanpost.jp,75.129.155.56/7
394,Lauralee,Thurston,lthurstonax@businessinsider.com,21.54.137.143/1
395,Cletus,Nairns,cnairnsay@multiply.com,75.170.171.11/7
396,Hannah,Patrick,hpatrickaz@timesonline.co.uk,183.245.188.226/1
397,Berti,Ivakhnov,bivakhnovb0@merriam-webster.com,10.205.224.154/29
398,Pablo,Stainland,pstainlandb1@huffingtonpost.com,199.221.217.177/8
399,Tabby,Mulder,tmulderb2@goo.ne.jp,107.252.188.42/20
400,Benyamin,Bosman,bbosmanb3@amazonaws.com,185.198.69.74/3
401,Roda,Nesbit,rnesbitb4@baidu.com,49.116.71.225/7
402,Winifield,Buntin,wbuntinb5@oakley.com,41.237.160.21/24
403,Aubree,Spreadbury,aspreadburyb6@free.fr,199.222.29.8/19
404,Isiahi,Gatecliff,igatecliffb7@istockphoto.com,87.224.28.142/18
405,Luigi,Cockren,lcockrenb8@uol.com.br,158.34.26.82/19
406,Rubin,MacMickan,rmacmickanb9@google.com.hk,153.107.63.94/7
407,Agathe,Digger,adiggerba@forbes.com,26.223.56.20/26
408,Ly,Petrushkevich,lpetrushkevichbb@cyberchimps.com,252.83.194.14/29
409,Branden,Coldman,bcoldmanbc@ed.gov,11.68.148.220/20
410,Niki,Ryan,nryanbd@utexas.edu,120.209.200.180/22
411,Billy,O'Cannavan,bocannavanbe@moonfruit.com,62.31.98.246/20
412,Gino,Garlee,ggarleebf@cargocollective.com,228.149.193.84/23
413,Boris,Danbye,bdanbyebg@simplemachines.org,199.36.212.158/4
414,Horatio,Rayne,hraynebh@virginia.edu,115.239.219.133/14
415,Denver,Vairow,dvairowbi@gmpg.org,248.28.50.51/20
416,Kacey,Whitebrook,kwhitebrookbj@so-net.ne.jp,252.59.55.134/30
417,Bellanca,Pullman,bpullmanbk@intel.com,81.174.210.219/25
418,Querida,Lambirth,qlambirthbl@economist.com,72.234.126.133/20
419,Mariana,Edden,meddenbm@yellowpages.com,200.155.94.52/19
420,Rachel,Paolillo,rpaolillobn@squarespace.com,75.77.177.41/21
421,Jolee,Yele,jyelebo@indiatimes.com,33.23.191.128/18
422,Tomas,Kyle,tkylebp@ibm.com,232.86.123.247/11
423,Timofei,Donohue,tdonohuebq@nyu.edu,119.1.166.234/30
424,Sybila,Bousler,sbouslerbr@discuz.net,171.138.121.255/26
425,Kimmi,Baudy,kbaudybs@pbs.org,60.154.198.130/23
426,Claudius,Hackly,chacklybt@redcross.org,19.141.62.80/20
427,Filippa,Kahen,fkahenbu@dailymail.co.uk,4.184.118.56/29
428,Cory,Passmore,cpassmorebv@ebay.co.uk,30.156.52.13/17
429,Aida,Kilgallen,akilgallenbw@uol.com.br,215.228.196.108/27
430,Raynell,Sorsby,rsorsbybx@indiatimes.com,254.240.18.9/2
431,Freemon,Belin,fbelinby@bbb.org,161.9.128.50/24
432,Timi,Hachard,thachardbz@unc.edu,138.161.202.209/31
433,Papagena,Stolte,pstoltec0@epa.gov,73.23.223.137/16
434,Erie,Beert,ebeertc1@phpbb.com,247.162.49.80/20
435,Rey,Glossup,rglossupc2@mapquest.com,61.224.80.17/21
436,Sapphira,MacDermot,smacdermotc3@acquirethisname.com,184.60.181.146/13
437,Robenia,Muttitt,rmuttittc4@digg.com,98.141.109.68/28
438,Dulcie,Nuemann,dnuemannc5@nasa.gov,105.50.245.169/18
439,Saunders,Enrico,senricoc6@upenn.edu,162.46.116.215/4
440,Selby,Sawer,ssawerc7@globo.com,88.82.118.30/28
441,Odelle,Alderton,oaldertonc8@myspace.com,11.36.229.186/5
442,Luz,Keuning,lkeuningc9@usnews.com,189.138.56.127/22
443,Wildon,Ginsie,wginsieca@bloglovin.com,211.205.74.249/15
444,Maggie,Allbrook,mallbrookcb@shinystat.com,154.160.117.253/4
445,Koressa,O'Fallon,kofalloncc@technorati.com,171.3.170.224/1
446,Brigid,Bugdell,bbugdellcd@google.com.hk,142.14.252.146/5
447,Eddie,Salliss,esallissce@wsj.com,198.114.42.78/5
448,Les,Vasyunkin,lvasyunkincf@goo.gl,16.151.4.204/2
449,Marin,Peres,mperescg@timesonline.co.uk,196.187.181.2/25
450,Broderic,Sauven,bsauvench@t.co,128.186.137.69/23
451,Berti,Crossdale,bcrossdaleci@unicef.org,144.43.17.145/30
452,Rita,Tunder,rtundercj@nifty.com,25.229.17.217/9
453,Galina,Longshaw,glongshawck@wordpress.com,25.102.157.185/4
454,Danyelle,Weatherley,dweatherleycl@tiny.cc,214.205.71.173/8
455,Caro,Fenkel,cfenkelcm@accuweather.com,16.37.108.3/7
456,Dominik,Maunders,dmaunderscn@comcast.net,250.81.156.155/31
457,Brett,BURWIN,bburwinco@t.co,248.73.88.170/15
458,Bat,Monni,bmonnicp@dailymotion.com,201.183.221.197/3
459,Lorita,Balaisot,lbalaisotcq@gizmodo.com,187.72.247.67/16
460,Dina,Bearfoot,dbearfootcr@soup.io,111.202.174.146/4
461,Benji,Giacomozzo,bgiacomozzocs@merriam-webster.com,177.59.40.31/6
462,Garrett,Emney,gemneyct@sakura.ne.jp,66.253.235.249/19
463,Micah,Margrie,mmargriecu@google.com.au,110.15.172.205/22
464,Jed,Pflieger,jpfliegercv@slideshare.net,222.73.98.198/25
465,Zonda,Jordan,zjordancw@jimdo.com,174.149.64.18/25
466,Courtnay,Scudamore,cscudamorecx@hexun.com,49.189.161.5/27
467,Colet,Shedd,csheddcy@hexun.com,61.158.218.220/21
468,Nevin,Kingham,nkinghamcz@indiatimes.com,80.87.135.137/4
469,Anabelle,Leivers,aleiversd0@bizjournals.com,182.97.212.172/8
470,Urbanus,Tireman,utiremand1@yolasite.com,37.168.4.66/1
471,Cris,Coneybeer,cconeybeerd2@gravatar.com,140.63.16.11/25
472,Mariam,Stone,mstoned3@youku.com,228.21.145.143/3
473,Emlyn,Pikett,epikettd4@huffingtonpost.com,37.72.58.118/9
474,Wanids,Mattheus,wmattheusd5@constantcontact.com,81.23.161.113/22
475,Ogden,Seton,osetond6@tinyurl.com,202.244.154.1/23
476,Keri,Ohlsen,kohlsend7@rambler.ru,80.101.195.183/19
477,Crissie,McGinley,cmcginleyd8@flavors.me,189.108.180.90/4
478,Charlot,Nan Carrow,cnancarrowd9@google.fr,87.15.184.40/19
479,Garnet,Cannop,gcannopda@simplemachines.org,137.252.110.71/14
480,Kathleen,Beswell,kbeswelldb@e-recht24.de,199.240.155.170/16
481,Wilona,Czadla,wczadladc@state.gov,106.79.59.10/20
482,Bourke,Shyres,bshyresdd@foxnews.com,152.176.34.133/3
483,Adrienne,Hugk,ahugkde@kickstarter.com,124.162.50.135/4
484,Winn,Pryer,wpryerdf@washingtonpost.com,191.245.5.72/22
485,Purcell,Rosetti,prosettidg@ftc.gov,208.80.7.247/16
486,Lorette,Cunnah,lcunnahdh@cornell.edu,213.3.104.117/4
487,Lamar,Morant,lmorantdi@berkeley.edu,224.6.47.237/2
488,Wait,Leband,wlebanddj@uiuc.edu,48.27.144.225/14
489,Leontine,Harden,lhardendk@mysql.com,205.231.27.142/10
490,Andi,Ginity,aginitydl@furl.net,144.171.92.10/7
491,Nobe,Hunn,nhunndm@g.co,66.15.103.30/9
492,Melody,Zylbermann,mzylbermanndn@example.com,254.147.234.90/9
493,Mose,Rigbye,mrigbyedo@dropbox.com,188.53.195.160/14
494,Jessalyn,Alywin,jalywindp@state.gov,74.5.239.76/13
495,Basilio,Dillimore,bdillimoredq@webs.com,83.89.40.180/19
496,Silvana,Griston,sgristondr@ed.gov,187.72.101.110/14
497,Tandy,Plues,tpluesds@yolasite.com,79.85.85.21/24
498,Sharona,Iglesiaz,siglesiazdt@furl.net,239.25.221.192/18
499,Derrick,Ankrett,dankrettdu@amazon.co.uk,102.155.25.185/9
500,Orsola,Dies,odiesdv@clickbank.net,122.244.71.42/1
501,Freedman,Oxlade,foxladedw@miibeian.gov.cn,254.123.190.191/4
502,Mabel,Luciano,mlucianodx@ucla.edu,68.230.145.86/17
503,Elisabetta,Gittings,egittingsdy@addthis.com,2.33.39.53/20
504,Henderson,Ben,hbendz@about.me,170.74.87.142/4
505,Monro,Marvel,mmarvele0@issuu.com,27.41.135.44/1
506,Demott,Cafe,dcafee1@google.co.jp,141.165.218.137/18
507,Kimmi,Regan,kregane2@parallels.com,221.149.52.83/14
508,Fielding,Yellop,fyellope3@mozilla.org,10.39.217.148/14
509,Annie,Dillow,adillowe4@cyberchimps.com,102.42.57.231/27
510,Angie,Snedker,asnedkere5@wix.com,182.41.237.47/17
511,Grace,O'Teague,goteaguee6@mtv.com,9.188.153.139/18
512,Mord,Chilton,mchiltone7@wix.com,63.214.77.205/28
513,Jamie,Gerault,jgeraulte8@parallels.com,220.239.249.234/1
514,Jaynell,Paddefield,jpaddefielde9@mtv.com,90.242.222.108/11
515,Candace,Wakelam,cwakelamea@123-reg.co.uk,133.65.197.253/20
516,Odille,Wilfling,owilflingeb@wordpress.org,124.86.215.6/6
517,Ian,Melan,imelanec@mlb.com,75.62.164.111/1
518,Ethelred,Chantree,echantreeed@businessweek.com,235.225.216.192/15
519,Zsazsa,Schwanden,zschwandenee@constantcontact.com,194.140.203.254/13
520,Katina,Seward,ksewardef@lulu.com,83.177.195.49/9
521,Jobyna,Noke,jnokeeg@amazon.de,157.122.180.138/14
522,Torrance,Lefort,tleforteh@jigsy.com,59.207.68.220/15
523,Herrick,Saffran,hsaffranei@newyorker.com,183.155.37.255/22
524,Giles,Yitzhakov,gyitzhakovej@xinhuanet.com,91.49.165.153/4
525,Susi,Birdfield,sbirdfieldek@ihg.com,226.60.215.6/10
526,Walker,Ragless,wraglessel@lycos.com,103.58.185.174/13
527,Bond,Lindblad,blindbladem@adobe.com,117.241.35.43/1
528,Bonnie,Millhouse,bmillhouseen@lulu.com,225.209.150.248/25
529,Jarret,Bockmaster,jbockmastereo@sourceforge.net,31.91.6.21/3
530,Adair,Kielty,akieltyep@webs.com,209.143.160.205/14
531,Kennie,Beaglehole,kbeagleholeeq@discovery.com,48.193.38.142/18
532,Aubine,Rylatt,arylatter@netscape.com,119.34.180.17/10
533,Fielding,Beauchamp,fbeauchampes@edublogs.org,3.10.168.116/17
534,Joseph,Kienle,jkienleet@amazon.co.uk,19.158.43.214/8
535,Marvin,Meakin,mmeakineu@yolasite.com,226.57.196.54/29
536,Fannie,Brickwood,fbrickwoodev@si.edu,149.251.58.161/20
537,Padget,Tegler,pteglerew@icio.us,36.166.136.218/14
538,Joletta,Mosby,jmosbyex@flickr.com,213.235.121.43/27
539,Amaleta,Carnie,acarnieey@dyndns.org,215.18.118.140/5
540,Deeyn,Leedal,dleedalez@cmu.edu,179.65.254.231/8
541,Fergus,Sabate,fsabatef0@nytimes.com,191.246.186.247/24
542,Dory,Wycliffe,dwycliffef1@51.la,71.93.155.28/5
543,Cyrill,Hertwell,chertwellf2@gov.uk,75.214.2.82/26
544,Kaela,Chippendale,kchippendalef3@alexa.com,168.191.242.148/12
545,Mose,Noirel,mnoirelf4@slashdot.org,132.98.35.101/27
546,Mattie,Guidelli,mguidellif5@bbc.co.uk,73.203.188.117/17
547,Jack,Baldery,jbalderyf6@posterous.com,15.219.46.30/5
548,Leonardo,McMichell,lmcmichellf7@sun.com,92.167.110.203/12
549,Dolley,Cardenoso,dcardenosof8@com.com,10.198.116.183/27
550,Michail,Oboy,moboyf9@wufoo.com,25.203.52.121/5
551,Corey,Stobo,cstobofa@guardian.co.uk,129.221.132.151/9
552,Thelma,Apfelmann,tapfelmannfb@msn.com,239.192.254.158/10
553,Bruce,Macias,bmaciasfc@51.la,5.12.46.74/27
554,Carny,Felder,cfelderfd@drupal.org,41.211.42.192/21
555,Richard,Heaven,rheavenfe@bloglovin.com,60.199.28.136/16
556,Tersina,Santus,tsantusff@smugmug.com,197.16.110.138/25
557,Jameson,Juara,jjuarafg@lycos.com,6.214.231.201/18
558,Sibbie,Wheater,swheaterfh@illinois.edu,57.141.166.164/25
559,Charita,Moorey,cmooreyfi@sakura.ne.jp,180.163.204.89/29
560,Joly,Berthot,jberthotfj@jugem.jp,69.27.240.106/8
561,Kennedy,Clemenson,kclemensonfk@technorati.com,83.2.25.144/30
562,Rhett,Chad,rchadfl@loc.gov,107.85.114.160/3
563,Rodge,Wait,rwaitfm@apache.org,172.235.139.182/10
564,Tonnie,Bettaney,tbettaneyfn@photobucket.com,190.176.237.218/16
565,Gussi,Babin,gbabinfo@hatena.ne.jp,177.146.88.38/5
566,Mack,Speakman,mspeakmanfp@digg.com,180.171.2.129/15
567,Melamie,Haswell,mhaswellfq@google.it,228.103.157.183/20
568,Kaspar,Leiden,kleidenfr@canalblog.com,117.180.49.65/3
569,Carney,Ram,cramfs@ucoz.com,139.223.115.33/19
570,Mersey,Winder,mwinderft@samsung.com,156.233.75.17/28
571,Micah,Holdin,mholdinfu@europa.eu,182.88.212.228/31
572,Fayette,McGinly,fmcginlyfv@statcounter.com,154.121.236.233/15
573,Papagena,Kears,pkearsfw@elegantthemes.com,165.244.71.64/26
574,Jolene,Raitt,jraittfx@altervista.org,179.24.8.154/2
575,Amble,Nock,anockfy@rakuten.co.jp,72.145.93.114/7
576,Cacilia,Bellay,cbellayfz@drupal.org,48.39.159.142/27
577,Sydelle,Siflet,ssifletg0@wufoo.com,61.126.1.126/21
578,Storm,Clapson,sclapsong1@yellowpages.com,44.156.189.238/10
579,Chen,Rayson,craysong2@discovery.com,93.46.97.168/20
580,Devland,Mulryan,dmulryang3@usnews.com,65.0.171.103/8
581,Darice,Atkins,datkinsg4@upenn.edu,116.78.197.232/15
582,Jock,Kurton,jkurtong5@parallels.com,81.231.165.29/1
583,Sibby,Emeney,semeneyg6@cnn.com,53.103.142.213/13
584,Olia,Blencoe,oblencoeg7@theguardian.com,153.159.31.127/1
585,Christiano,Bolte,cbolteg8@bbb.org,235.130.195.211/18
586,Terence,Bage,tbageg9@tripadvisor.com,4.218.48.35/21
587,Buiron,Kettle,bkettlega@boston.com,52.170.54.134/2
588,Phedra,Bartlosz,pbartloszgb@hao123.com,111.26.160.217/2
589,Viv,Havile,vhavilegc@businesswire.com,93.65.218.195/16
590,Burnaby,Leah,bleahgd@nyu.edu,174.160.226.30/4
591,Rosalyn,Barme,rbarmege@fastcompany.com,230.139.255.112/15
592,Nikolia,Garretson,ngarretsongf@sciencedaily.com,139.252.123.27/16
593,Horten,Derricoat,hderricoatgg@bloglovin.com,37.159.212.27/9
594,Jerrold,Bulcock,jbulcockgh@deviantart.com,149.52.65.156/19
595,Neile,Benedict,nbenedictgi@sfgate.com,76.196.162.146/5
596,Eartha,Boness,ebonessgj@aol.com,52.103.14.217/27
597,Eveleen,Studart,estudartgk@deviantart.com,139.188.102.230/24
598,Regine,Ellerington,relleringtongl@hostgator.com,42.25.126.194/7
599,Celie,Maling,cmalinggm@wikispaces.com,172.202.22.0/23
600,Neddy,McLernon,nmclernongn@seesaa.net,84.229.35.246/11
601,Christan,Antushev,cantushevgo@scientificamerican.com,209.255.114.233/18
602,Alan,Thurstance,athurstancegp@a8.net,31.202.139.25/26
603,Aryn,Peres,aperesgq@instagram.com,4.251.65.117/2
604,Torre,Atchly,tatchlygr@weebly.com,55.234.221.237/18
605,Nevsa,MacCurtain,nmaccurtaings@a8.net,250.107.155.174/15
606,Kara,Coulthart,kcoulthartgt@engadget.com,216.250.132.119/10
607,Othilie,Whitney,owhitneygu@sphinn.com,0.25.171.90/2
608,Noach,Charte,nchartegv@sina.com.cn,145.17.10.252/1
609,Karilynn,Gussin,kgussingw@nps.gov,43.206.240.80/27
610,Mirabella,McAllen,mmcallengx@tamu.edu,4.204.102.224/23
611,Tiffie,Brahan,tbrahangy@wix.com,251.101.237.42/29
612,Edythe,Pannaman,epannamangz@state.tx.us,241.216.202.72/5
613,Pearle,Jerdon,pjerdonh0@cdbaby.com,52.176.219.56/8
614,Jerald,McSporon,jmcsporonh1@bluehost.com,66.129.118.122/24
615,Alvera,Yockney,ayockneyh2@amazon.de,69.43.219.228/27
616,Sherry,Binham,sbinhamh3@arizona.edu,227.17.164.255/31
617,Merralee,Gadault,mgadaulth4@tmall.com,19.193.198.197/10
618,Rey,Berthomieu,rberthomieuh5@craigslist.org,184.159.138.242/25
619,Christiana,Godball,cgodballh6@wikimedia.org,254.129.28.236/26
620,Annecorinne,Balham,abalhamh7@webeden.co.uk,95.91.120.120/22
621,Butch,Bennis,bbennish8@msu.edu,13.240.79.29/14
622,Reuven,Bambrick,rbambrickh9@reverbnation.com,197.94.20.221/18
623,Pablo,Skule,pskuleha@howstuffworks.com,5.250.44.254/5
624,Chad,Tack,ctackhb@microsoft.com,116.229.183.83/13
625,Zackariah,Thurlbeck,zthurlbeckhc@ocn.ne.jp,204.165.161.177/22
626,Nixie,Rippon,nripponhd@nyu.edu,70.163.183.179/12
627,Kassi,McCathy,kmccathyhe@youtu.be,146.180.175.5/7
628,Shirl,Tunnah,stunnahhf@merriam-webster.com,241.63.233.9/17
629,Mendie,Furmenger,mfurmengerhg@hostgator.com,144.57.132.111/23
630,Darcy,Rhodef,drhodefhh@umn.edu,53.223.14.207/3
631,Dedra,Callcott,dcallcotthi@cnbc.com,183.138.30.174/20
632,Shalna,Orcas,sorcashj@wikipedia.org,226.31.165.68/2
633,Chantal,Loney,cloneyhk@tmall.com,11.220.69.78/19
634,Lucila,Chellam,lchellamhl@utexas.edu,39.173.72.108/8
635,Baird,Matejka,bmatejkahm@deviantart.com,126.88.140.147/23
636,Karyl,Westoff,kwestoffhn@nymag.com,156.74.84.93/7
637,Kinny,Puttnam,kputtnamho@hc360.com,128.46.228.234/9
638,Babbette,Mathy,bmathyhp@w3.org,230.72.84.70/11
639,Jennie,Cammock,jcammockhq@craigslist.org,175.160.140.158/6
640,Shay,Ellerker,sellerkerhr@technorati.com,116.189.151.42/28
641,Colly,Reinbech,creinbechhs@china.com.cn,192.88.65.224/17
642,Rosabelle,Farmer,rfarmerht@twitpic.com,174.242.126.232/18
643,Irene,Sowrey,isowreyhu@unc.edu,229.203.143.124/26
644,Garrek,Hubbucks,ghubbuckshv@discuz.net,106.68.157.131/30
645,Ivory,Brennon,ibrennonhw@blogspot.com,34.95.53.50/12
646,Terencio,Storror,tstorrorhx@amazonaws.com,24.100.145.211/12
647,Jessalyn,Findley,jfindleyhy@hud.gov,241.211.176.102/25
648,Bev,Di Francesco,bdifrancescohz@lycos.com,217.58.224.93/3
649,Beitris,Kassidy,bkassidyi0@state.tx.us,68.84.81.179/3
650,De,Frampton,dframptoni1@soup.io,170.247.7.104/26
651,Arlene,Saundercock,asaundercocki2@people.com.cn,200.31.215.43/23
652,Thia,Casson,tcassoni3@t.co,139.137.15.98/23
653,Derrick,Bidwell,dbidwelli4@ft.com,13.183.184.134/5
654,Geoffrey,Freen,gfreeni5@google.ru,175.119.68.126/27
655,Chiquia,Farrens,cfarrensi6@jalbum.net,223.149.18.255/7
656,Ronnie,Shelly,rshellyi7@seattletimes.com,121.68.119.233/18
657,Townsend,Gorgler,tgorgleri8@narod.ru,134.86.85.36/15
658,Patrica,Chotty,pchottyi9@wp.com,181.29.128.158/20
659,Blinny,Saint,bsaintia@cargocollective.com,126.179.151.138/15
660,Tracee,Tivenan,ttivenanib@opera.com,224.46.11.138/12
661,Lorette,Ladbury,lladburyic@cloudflare.com,160.48.130.245/28
662,Brad,Bolderoe,bbolderoeid@sina.com.cn,127.152.147.129/15
663,Patrizia,Pettus,ppettusie@google.ru,10.0.228.232/11
664,Emilia,Gronno,egronnoif@acquirethisname.com,130.205.88.6/6
665,Tamara,Lilburne,tlilburneig@elegantthemes.com,147.68.228.84/11
666,Cris,Baylie,cbaylieih@ehow.com,218.184.233.155/9
667,Aimil,Legging,aleggingii@google.cn,32.142.90.113/1
668,Evanne,Hammarberg,ehammarbergij@economist.com,239.25.94.79/31
669,Delilah,Folk,dfolkik@soup.io,156.52.136.76/11
670,Gibb,O'Curran,gocurranil@google.com.au,3.219.75.147/23
671,Kristi,McKerron,kmckerronim@patch.com,43.123.23.201/9
672,Frederik,Dorward,fdorwardin@weebly.com,120.56.181.152/28
673,Darby,Aiers,daiersio@fastcompany.com,58.97.36.246/6
674,Kayla,Dumphreys,kdumphreysip@dedecms.com,229.72.61.43/31
675,Merrile,Jonczyk,mjonczykiq@gov.uk,28.60.80.179/31
676,Freedman,Benning,fbenningir@umn.edu,154.126.167.50/6
677,Dirk,Valti,dvaltiis@barnesandnoble.com,201.38.204.190/16
678,Cally,Coultass,ccoultassit@reddit.com,75.73.25.16/23
679,Ursala,Cambden,ucambdeniu@youtube.com,19.213.191.114/11
680,Kenyon,Mc Faul,kmcfauliv@apache.org,161.230.217.157/29
681,Duky,Berridge,dberridgeiw@youtube.com,188.246.58.6/16
682,Lina,Featherstone,lfeatherstoneix@spotify.com,201.133.78.6/11
683,Mahalia,Wisham,mwishamiy@newyorker.com,202.15.122.55/12
684,Billye,de Grey,bdegreyiz@prlog.org,95.127.76.114/1
685,Marinna,Eilhart,meilhartj0@state.gov,1.28.101.212/24
686,Shandy,Glasspool,sglasspoolj1@statcounter.com,16.199.38.90/24
687,Halley,Heijnen,hheijnenj2@uiuc.edu,158.170.49.216/5
688,Jacquetta,Bathoe,jbathoej3@bizjournals.com,149.8.233.17/19
689,Caria,Wride,cwridej4@biblegateway.com,3.0.35.67/1
690,Bernita,Saill,bsaillj5@noaa.gov,246.92.241.141/6
691,Roda,Swinden,rswindenj6@vimeo.com,192.11.135.208/20
692,Ethelda,Dax,edaxj7@adobe.com,25.242.152.126/16
693,Winnifred,Troake,wtroakej8@blogger.com,200.70.227.91/25
694,Tiebold,Creese,tcreesej9@abc.net.au,244.208.176.10/17
695,Florie,Cuesta,fcuestaja@china.com.cn,125.88.211.182/3
696,Else,Uren,eurenjb@globo.com,230.233.218.213/11
697,Donalt,Killner,dkillnerjc@google.com.br,10.254.87.106/4
698,Emyle,Shorey,eshoreyjd@technorati.com,93.39.74.64/13
699,Clarabelle,Puttick,cputtickje@google.ca,172.211.21.197/21
700,Raychel,Dewane,rdewanejf@wikimedia.org,7.141.104.129/4
701,Marven,Verden,mverdenjg@simplemachines.org,120.215.149.167/14
702,Olivero,MacCague,omaccaguejh@last.fm,33.165.21.142/29
703,Dur,Duckett,dduckettji@yelp.com,149.107.246.225/9
704,Andi,Lalley,alalleyjj@qq.com,160.89.208.161/19
705,Jordon,Polak,jpolakjk@ucoz.com,153.31.107.3/27
706,Guthrie,Mogford,gmogfordjl@google.com.au,34.242.15.219/1
707,Morgan,Danit,mdanitjm@theatlantic.com,72.39.4.12/29
708,Debra,Rykert,drykertjn@free.fr,43.202.164.49/19
709,Devan,Pointin,dpointinjo@topsy.com,37.152.58.105/8
710,Gordy,Madigan,gmadiganjp@samsung.com,204.192.116.145/22
711,Gillan,Warre,gwarrejq@google.com.au,233.215.33.157/30
712,Hedi,Zielinski,hzielinskijr@lulu.com,154.182.60.195/18
713,Dulcy,Drugan,ddruganjs@mashable.com,180.12.61.193/29
714,Ario,Gladbeck,agladbeckjt@npr.org,140.165.101.95/11
715,Adam,Marmyon,amarmyonju@theglobeandmail.com,73.240.245.95/6
716,Gilberto,Lehrahan,glehrahanjv@oakley.com,110.170.186.6/23
717,Velma,Sivyer,vsivyerjw@phoca.cz,35.188.54.66/3
718,Catlin,Ashplant,cashplantjx@hud.gov,52.70.185.209/24
719,Tricia,Swalough,tswaloughjy@ucoz.ru,76.35.75.36/30
720,Dion,Bendtsen,dbendtsenjz@blogtalkradio.com,182.24.32.54/10
721,Petunia,Husk,phuskk0@toplist.cz,159.162.62.114/9
722,Timmi,Giggie,tgiggiek1@economist.com,202.90.176.55/17
723,Jessey,MacLese,jmaclesek2@rambler.ru,137.183.175.26/1
724,Roley,Starcks,rstarcksk3@tiny.cc,160.19.124.71/21
725,Kerby,Gummow,kgummowk4@ihg.com,88.152.251.111/23
726,Ethan,Davidovicz,edavidoviczk5@bluehost.com,86.191.105.204/17
727,Huey,Thurber,hthurberk6@engadget.com,83.40.211.18/21
728,Shannan,Playford,splayfordk7@blogspot.com,146.29.211.178/31
729,Vachel,De Cruze,vdecruzek8@biglobe.ne.jp,172.208.57.3/10
730,Charil,Tanslie,ctansliek9@mtv.com,9.101.203.1/26
731,Clair,Moogan,cmooganka@baidu.com,49.45.52.110/28
732,Isidoro,Gennrich,igennrichkb@tmall.com,243.214.205.87/31
733,Ephrayim,Prester,epresterkc@yandex.ru,131.19.193.35/6
734,Grant,Grewes,ggreweskd@homestead.com,152.250.72.62/30
735,Sid,Surgeoner,ssurgeonerke@ucla.edu,151.151.183.193/5
736,Urbanus,Stuttman,ustuttmankf@mayoclinic.com,230.213.71.99/13
737,Ike,Struttman,istruttmankg@ft.com,53.211.103.54/31
738,Tull,Amner,tamnerkh@japanpost.jp,49.77.113.176/5
739,Hyatt,Heitz,hheitzki@census.gov,196.70.214.169/17
740,Christen,Cool,ccoolkj@yellowpages.com,203.182.38.239/20
741,Agnes,Noot,anootkk@sourceforge.net,20.96.78.198/5
742,Keelia,Goaley,kgoaleykl@google.ca,199.210.164.223/12
743,Zebadiah,Pley,zpleykm@yolasite.com,163.206.93.79/20
744,Trudi,Paddison,tpaddisonkn@cafepress.com,253.224.122.124/26
745,Leontine,Smeeth,lsmeethko@rediff.com,51.154.108.251/13
746,Kyle,Loudiane,kloudianekp@tmall.com,245.227.21.51/20
747,Grissel,Dodridge,gdodridgekq@networkadvertising.org,61.231.123.175/12
748,Kaia,Shewring,kshewringkr@google.es,57.99.192.218/9
749,Brent,Caulwell,bcaulwellks@bloomberg.com,229.141.56.94/10
750,Minne,Gillott,mgillottkt@is.gd,46.36.106.128/24
751,Maurita,MacVicar,mmacvicarku@netscape.com,108.181.37.56/11
752,Ibby,Christene,ichristenekv@oaic.gov.au,249.181.139.108/4
753,Cristionna,Morstatt,cmorstattkw@abc.net.au,184.236.20.178/19
754,Marsha,Cockshoot,mcockshootkx@cpanel.net,60.162.19.202/30
755,Nicky,Totaro,ntotaroky@timesonline.co.uk,48.77.86.229/27
756,Joice,De Witt,jdewittkz@marketwatch.com,101.99.194.233/23
757,Wendall,Kubes,wkubesl0@ocn.ne.jp,98.217.74.76/7
758,Hilario,Dosdell,hdosdelll1@jalbum.net,21.93.214.76/2
759,Shandie,Korba,skorbal2@i2i.jp,34.29.64.90/31
760,Michal,Carlin,mcarlinl3@usda.gov,229.227.96.187/7
761,Tanya,Aggett,taggettl4@webeden.co.uk,239.87.95.135/28
762,Holly,Trusler,htruslerl5@multiply.com,43.215.123.59/5
763,Raffaello,Cawkill,rcawkilll6@paypal.com,98.247.180.226/28
764,Zebulon,Menezes,zmenezesl7@opensource.org,217.183.21.220/9
765,Cara,Foulger,cfoulgerl8@thetimes.co.uk,2.222.75.174/22
766,Giffer,Valek,gvalekl9@51.la,255.147.39.68/6
767,Bruno,Corselles,bcorsellesla@omniture.com,190.52.86.212/6
768,Ruttger,Bourchier,rbourchierlb@china.com.cn,9.36.229.8/27
769,Neall,Drivers,ndriverslc@mtv.com,156.140.202.188/23
770,Chet,Prickett,cprickettld@wordpress.org,203.9.83.47/6
771,Findlay,Gavin,fgavinle@1688.com,100.53.5.18/9
772,Wang,Evreux,wevreuxlf@cbc.ca,145.100.139.158/29
773,Kinna,Glyne,kglynelg@time.com,167.12.223.35/16
774,Tibold,Abbotts,tabbottslh@dailymail.co.uk,162.149.172.18/19
775,Elvera,Startin,estartinli@cocolog-nifty.com,186.33.132.196/2
776,Mychal,Mullarkey,mmullarkeylj@umn.edu,141.0.67.39/7
777,Tallia,Meriel,tmeriellk@foxnews.com,105.71.51.78/2
778,Chaunce,Camolli,ccamollill@cbc.ca,42.224.46.172/5
779,Agnese,Matejic,amatejiclm@plala.or.jp,192.86.213.10/23
780,Jehanna,Rubinivitz,jrubinivitzln@sphinn.com,16.242.93.88/11
781,Carey,Towe,ctowelo@wikimedia.org,140.225.35.40/24
782,Aretha,Kuschel,akuschellp@miibeian.gov.cn,223.40.193.159/20
783,Carmela,Palister,cpalisterlq@walmart.com,77.106.237.152/18
784,Chastity,Ortmann,cortmannlr@springer.com,164.8.225.218/27
785,Nari,Rentcome,nrentcomels@51.la,196.122.134.240/13
786,Maud,Walbrook,mwalbrooklt@netscape.com,134.89.101.224/16
787,Dalia,Wipper,dwipperlu@is.gd,63.212.84.15/7
788,Stefa,Keeves,skeeveslv@uol.com.br,137.117.207.205/15
789,Hillel,Axelby,haxelbylw@technorati.com,119.205.68.91/19
790,Lisha,Pesterfield,lpesterfieldlx@nsw.gov.au,23.121.30.188/1
791,Krystle,Yell,kyellly@gizmodo.com,124.153.182.185/10
792,Alyson,Ogdahl,aogdahllz@wix.com,82.43.133.54/16
793,Moyna,Alcalde,malcaldem0@salon.com,110.41.14.254/24
794,Leonidas,Grange,lgrangem1@hp.com,147.253.193.59/21
795,Jemie,Fitzer,jfitzerm2@dion.ne.jp,89.220.232.80/2
796,Auberon,Coan,acoanm3@youtu.be,150.103.247.72/31
797,Thacher,Leidecker,tleideckerm4@etsy.com,212.233.34.151/5
798,Caresa,Lockery,clockerym5@sakura.ne.jp,231.124.107.202/1
799,Sharla,Martt,smarttm6@squarespace.com,73.189.157.14/14
800,Christal,De Laspee,cdelaspeem7@1und1.de,116.104.219.128/6
801,Christalle,Aymer,caymerm8@imgur.com,70.137.15.219/13
802,Beale,Licquorish,blicquorishm9@answers.com,93.159.170.143/4
803,Chelsie,Dobrowski,cdobrowskima@pinterest.com,176.61.128.1/3
804,Candra,Hartup,chartupmb@vkontakte.ru,202.161.63.186/9
805,Robyn,Shepcutt,rshepcuttmc@tuttocitta.it,222.249.241.109/13
806,Artemas,Swett,aswettmd@cdc.gov,226.150.247.98/22
807,Brandtr,Calf,bcalfme@mashable.com,237.242.235.142/29
808,Yettie,Cattermoul,ycattermoulmf@hud.gov,229.195.13.10/23
809,Ofilia,Cockell,ocockellmg@163.com,193.221.143.199/4
810,Hilliary,Goundsy,hgoundsymh@w3.org,83.196.222.25/17
811,Ludovico,Sproat,lsproatmi@4shared.com,44.104.187.202/30
812,Janka,Rudwell,jrudwellmj@blogs.com,182.49.48.198/7
813,Richardo,Fridd,rfriddmk@dion.ne.jp,55.109.229.28/30
814,Alexia,Yancey,ayanceyml@barnesandnoble.com,203.49.151.222/14
815,Humbert,Venour,hvenourmm@nba.com,101.167.159.182/30
816,Ophelie,Mattisssen,omattisssenmn@163.com,79.117.237.243/28
817,Aylmar,Dowe,adowemo@com.com,118.82.248.107/7
818,Byrom,Santos,bsantosmp@amazon.co.uk,187.152.68.132/17
819,Ellery,Tutchings,etutchingsmq@freewebs.com,20.252.224.175/22
820,Eustacia,Feely,efeelymr@friendfeed.com,126.12.193.8/6
821,Latrena,Warham,lwarhamms@myspace.com,92.175.73.151/29
822,Pier,Angless,panglessmt@woothemes.com,52.115.26.220/16
823,Dom,Winston,dwinstonmu@fastcompany.com,84.96.109.74/26
824,Maisey,Roggerone,mroggeronemv@canalblog.com,21.149.89.67/29
825,Horst,Shailer,hshailermw@unc.edu,100.8.62.202/6
826,Truda,Tabourin,ttabourinmx@japanpost.jp,56.235.132.163/25
827,Andonis,Henricsson,ahenricssonmy@sphinn.com,201.193.4.116/6
828,Rolf,Henri,rhenrimz@nsw.gov.au,190.79.139.66/15
829,Rozella,Ellerton,rellertonn0@meetup.com,208.187.204.11/19
830,Tanney,Ironside,tironsiden1@businessweek.com,217.104.18.164/6
831,Anabel,Sumsion,asumsionn2@reuters.com,171.236.17.207/25
832,Chad,Emmines,cemminesn3@bbc.co.uk,253.210.61.129/12
833,Lucias,Benyan,lbenyann4@php.net,107.78.153.108/13
834,Killie,Levecque,klevecquen5@who.int,217.171.143.13/27
835,Sharlene,Bowra,sbowran6@springer.com,64.180.73.205/10
836,Mar,Seneschal,mseneschaln7@mtv.com,216.58.153.24/1
837,Bess,Chicken,bchickenn8@arstechnica.com,187.161.230.226/10
838,Adelheid,Cornely,acornelyn9@typepad.com,144.156.149.21/16
839,Zelig,Bendell,zbendellna@slate.com,75.19.13.74/12
840,Lancelot,Saiger,lsaigernb@4shared.com,238.82.45.73/18
841,Roi,Cumber,rcumbernc@csmonitor.com,139.143.38.169/4
842,Robinson,Sahnow,rsahnownd@surveymonkey.com,33.143.179.72/13
843,Elva,Rispine,erispinene@clickbank.net,254.136.23.38/2
844,Raine,Miskin,rmiskinnf@google.com.br,127.132.195.99/28
845,Gil,Mouth,gmouthng@youku.com,239.123.6.167/22
846,Krishna,Lindup,klindupnh@yandex.ru,146.43.102.112/7
847,Bathsheba,Krout,bkroutni@google.ru,176.250.18.224/8
848,Patrizius,Havock,phavocknj@java.com,178.123.193.30/15
849,Renell,Kyles,rkylesnk@godaddy.com,226.236.134.0/2
850,Nichol,Shakle,nshaklenl@discuz.net,175.10.184.13/11
851,Teri,Stute,tstutenm@independent.co.uk,92.220.177.130/22
852,Desirae,Rockall,drockallnn@jiathis.com,218.218.57.125/5
853,Audie,Mattheis,amattheisno@upenn.edu,85.90.208.172/24
854,Kellen,Keep,kkeepnp@salon.com,84.105.228.100/23
855,Iago,Yitzovicz,iyitzovicznq@hp.com,114.156.171.154/29
856,Wolf,Knappett,wknappettnr@icio.us,206.135.208.27/4
857,Jae,Muncie,jmunciens@wunderground.com,42.113.94.226/18
858,Adelbert,Latek,alateknt@ox.ac.uk,214.195.99.86/8
859,Rosie,Aronovich,raronovichnu@stumbleupon.com,79.228.114.62/22
860,Davy,Grundon,dgrundonnv@noaa.gov,140.190.186.116/26
861,Gertrud,Gidney,ggidneynw@ucoz.ru,186.58.166.229/16
862,Killian,Rulten,krultennx@springer.com,250.255.123.8/25
863,Drucill,Caustic,dcausticny@huffingtonpost.com,125.31.145.52/20
864,Lenore,Ellingworth,lellingworthnz@dagondesign.com,149.109.208.31/15
865,Ilsa,Abramovitch,iabramovitcho0@chicagotribune.com,146.51.121.142/24
866,Almeta,Wandtke,awandtkeo1@rakuten.co.jp,108.234.208.148/31
867,Madlin,Eringey,meringeyo2@jugem.jp,17.240.69.28/1
868,Roz,Witch,rwitcho3@berkeley.edu,60.193.9.79/7
869,Gary,Regi,gregio4@shinystat.com,208.144.41.165/14
870,Erma,Bruinsma,ebruinsmao5@surveymonkey.com,30.222.186.41/30
871,Sarah,Kytter,skyttero6@naver.com,160.165.195.32/7
872,Kimberly,Dillaway,kdillawayo7@upenn.edu,254.219.222.200/19
873,Alonso,Broadhead,abroadheado8@opera.com,150.101.139.219/12
874,Bertrand,Turvie,bturvieo9@patch.com,151.188.104.100/16
875,Dannel,Trew,dtrewoa@microsoft.com,125.227.136.64/2
876,Nancee,Mounce,nmounceob@diigo.com,87.57.224.155/19
877,Claire,Benez,cbenezoc@merriam-webster.com,249.195.205.163/19
878,Kenneth,Grewe,kgreweod@wp.com,216.44.57.186/14
879,Massimo,Lestor,mlestoroe@statcounter.com,140.180.33.44/4
880,Brett,Boldry,bboldryof@soup.io,38.26.138.149/2
881,Avictor,Learoid,alearoidog@hp.com,51.43.126.229/31
882,Adrian,Chalfont,achalfontoh@disqus.com,244.83.87.230/29
883,Stinky,Gallop,sgallopoi@census.gov,199.101.75.73/4
884,Casie,Leman,clemanoj@oaic.gov.au,7.202.229.147/14
885,Pauletta,Bawdon,pbawdonok@tumblr.com,70.238.25.200/19
886,Alta,Urwin,aurwinol@macromedia.com,203.96.101.29/17
887,Zonnya,Gynni,zgynniom@jiathis.com,217.219.130.215/20
888,Dalton,Donoher,ddonoheron@aboutads.info,161.236.195.97/18
889,Geneva,Bellay,gbellayoo@alexa.com,79.94.63.149/15
890,Brantley,Plail,bplailop@mail.ru,254.113.62.185/12
891,Gene,McCarly,gmccarlyoq@dailymail.co.uk,111.238.255.56/19
892,Estel,Casse,ecasseor@blogspot.com,146.46.112.2/19
893,Philip,Hopewell,phopewellos@buzzfeed.com,2.234.5.177/29
894,Lesley,McInility,lmcinilityot@newsvine.com,69.36.193.197/15
895,Reagen,Wrixon,rwrixonou@mozilla.com,224.36.139.111/18
896,Bowie,Hefforde,bheffordeov@about.me,14.27.1.248/19
897,Blondie,Petkens,bpetkensow@netlog.com,240.105.72.64/18
898,Maxie,Engel,mengelox@ameblo.jp,141.54.71.54/7
899,Teodora,Morfield,tmorfieldoy@telegraph.co.uk,215.166.203.237/29
900,Wald,Gianolo,wgianolooz@home.pl,148.252.86.250/8
901,Lief,Knobell,lknobellp0@hexun.com,184.97.130.131/25
902,Katharina,Ingerfield,kingerfieldp1@walmart.com,115.250.123.178/14
903,Tommie,Vallender,tvallenderp2@va.gov,165.212.112.175/3
904,Cyrillus,Colvie,ccolviep3@zimbio.com,46.96.35.86/6
905,Angela,Malkinson,amalkinsonp4@ftc.gov,179.21.145.0/19
906,Florina,Ancell,fancellp5@elegantthemes.com,191.49.47.116/24
907,Agatha,Bridywater,abridywaterp6@answers.com,48.150.60.33/25
908,Harbert,Messer,hmesserp7@blinklist.com,57.210.173.123/8
909,Devy,Kike,dkikep8@ft.com,136.52.37.88/22
910,Jessamyn,Treweek,jtreweekp9@icq.com,214.167.112.32/3
911,Zacharie,Gilbard,zgilbardpa@parallels.com,75.70.111.203/23
912,Law,Gowans,lgowanspb@sitemeter.com,120.149.189.41/27
913,Nariko,Kelmere,nkelmerepc@typepad.com,184.153.220.142/29
914,Rosabella,Cracker,rcrackerpd@theguardian.com,239.140.73.220/31
915,Randa,Mansel,rmanselpe@tripod.com,233.17.176.1/22
916,Jamima,Cicero,jciceropf@netscape.com,114.153.164.39/24
917,Lyman,Deeth,ldeethpg@tiny.cc,238.162.75.11/24
918,Franciskus,Mateus,fmateusph@geocities.com,140.36.146.145/23
919,Lucais,Ruos,lruospi@paginegialle.it,95.186.125.164/14
920,Cloe,Sharrard,csharrardpj@ftc.gov,1.90.220.28/23
921,Tyne,Bradden,tbraddenpk@mlb.com,53.185.163.143/15
922,Theodora,Costa,tcostapl@usa.gov,36.222.9.203/24
923,Billi,Christoffels,bchristoffelspm@nba.com,209.96.70.136/29
924,Arnoldo,Tomkiss,atomkisspn@g.co,159.244.249.80/14
925,Marena,Fortie,mfortiepo@netvibes.com,0.49.1.54/12
926,Read,Billing,rbillingpp@slate.com,163.81.167.156/18
927,Fania,Schorah,fschorahpq@fc2.com,246.190.72.39/26
928,Lida,Ledwich,lledwichpr@fotki.com,50.164.199.211/5
929,Bondon,Bris,bbrisps@chron.com,183.85.80.87/13
930,Mariele,Kelf,mkelfpt@bloomberg.com,118.161.164.98/3
931,Audrie,Henworth,ahenworthpu@posterous.com,251.191.137.250/17
932,Lauritz,Cannon,lcannonpv@csmonitor.com,59.97.21.153/3
933,Muriel,Butteris,mbutterispw@cnbc.com,62.149.33.43/20
934,Care,Simek,csimekpx@squidoo.com,22.224.255.135/24
935,Pasquale,Leeburn,pleeburnpy@4shared.com,120.50.85.26/1
936,Megan,Libero,mliberopz@latimes.com,248.157.41.84/13
937,Alford,Maken,amakenq0@hugedomains.com,241.242.221.94/23
938,Titos,Probey,tprobeyq1@exblog.jp,112.193.235.129/23
939,Newton,McDavid,nmcdavidq2@csmonitor.com,127.159.64.42/18
940,Florence,Althrope,falthropeq3@yellowpages.com,11.117.65.3/4
941,Sela,Clout,scloutq4@bandcamp.com,215.236.140.211/28
942,Karlen,Edards,kedardsq5@example.com,80.105.230.107/23
943,Lavina,Moscrop,lmoscropq6@dailymail.co.uk,180.239.24.53/27
944,Goldia,Rief,griefq7@cnet.com,49.69.27.37/8
945,Merrick,Lancetter,mlancetterq8@gov.uk,16.203.236.172/14
946,Russell,Prester,rpresterq9@biglobe.ne.jp,134.43.116.130/28
947,Mycah,Wason,mwasonqa@mediafire.com,91.213.38.72/22
948,Niall,Cescon,ncesconqb@biglobe.ne.jp,141.180.178.97/24
949,Laurence,Crennan,lcrennanqc@constantcontact.com,225.174.162.30/13
950,Xenos,Peacocke,xpeacockeqd@devhub.com,27.44.90.50/3
951,Aaron,Bunclark,abunclarkqe@odnoklassniki.ru,167.250.167.162/12
952,Jillene,Corneille,jcorneilleqf@sakura.ne.jp,215.170.35.56/9
953,Wernher,Sedge,wsedgeqg@youtu.be,223.92.8.140/18
954,Carlene,Kosel,ckoselqh@cbsnews.com,137.62.82.99/25
955,Bucky,Feenan,bfeenanqi@cloudflare.com,251.147.58.110/24
956,Darius,Sachno,dsachnoqj@oracle.com,127.226.51.229/28
957,Zebulen,Jenton,zjentonqk@usa.gov,150.108.239.69/27
958,Brion,Pilgram,bpilgramql@forbes.com,211.55.81.194/27
959,Jerrilyn,Scobbie,jscobbieqm@privacy.gov.au,249.167.111.166/29
960,Annadiane,Storks,astorksqn@list-manage.com,178.203.34.145/29
961,Mina,Rawcliff,mrawcliffqo@mapy.cz,98.216.229.156/8
962,Emmet,Courvert,ecourvertqp@163.com,25.75.131.94/16
963,Joline,Stollberger,jstollbergerqq@pcworld.com,212.6.144.80/25
964,Kevin,Innes,kinnesqr@oakley.com,132.70.171.101/10
965,Burton,Euler,beulerqs@mediafire.com,62.149.74.184/25
966,Mady,Hulles,mhullesqt@hc360.com,12.217.34.187/8
967,Katha,Quinane,kquinanequ@lycos.com,163.241.253.68/6
968,Lucas,Spitaro,lspitaroqv@sogou.com,178.238.28.206/5
969,Alvie,Tedstone,atedstoneqw@topsy.com,247.255.59.179/29
970,Shena,Neillans,sneillansqx@meetup.com,80.211.188.73/4
971,Efren,Deverock,edeverockqy@google.pl,190.42.203.76/13
972,Lowe,Phillcox,lphillcoxqz@reuters.com,135.20.188.110/13
973,Gracie,Sannes,gsannesr0@jugem.jp,231.51.7.2/19
974,Geoffry,Mussen,gmussenr1@seattletimes.com,160.135.93.109/21
975,Athene,Habbeshaw,ahabbeshawr2@newyorker.com,172.73.60.142/8
976,Eleanor,Grzegorzewski,egrzegorzewskir3@123-reg.co.uk,8.138.188.87/9
977,Silvana,Gendrich,sgendrichr4@acquirethisname.com,13.203.113.228/24
978,Nannie,Frankton,nfranktonr5@sfgate.com,182.162.89.29/14
979,Rabbi,Tapp,rtappr6@pen.io,198.50.34.6/10
980,Sunny,Adrienne,sadrienner7@joomla.org,178.234.93.247/19
981,Saunders,Dangerfield,sdangerfieldr8@liveinternet.ru,234.216.60.250/15
982,Wayland,Bradder,wbradderr9@wp.com,62.113.197.114/29
983,Fiona,Trustie,ftrustiera@bloglovin.com,23.29.84.21/15
984,Quentin,Marshalleck,qmarshalleckrb@over-blog.com,98.75.87.87/21
985,Vern,Makepeace,vmakepeacerc@pagesperso-orange.fr,32.210.63.117/11
986,Erminie,Orfeur,eorfeurrd@dedecms.com,198.151.218.188/31
987,Wayland,Woodyeare,wwoodyearere@elegantthemes.com,87.37.114.82/22
988,Glori,Semeniuk,gsemeniukrf@google.es,45.179.123.97/20
989,Bette-ann,Muscott,bmuscottrg@typepad.com,241.104.248.218/19
990,Shamus,Dudman,sdudmanrh@aboutads.info,136.3.221.232/13
991,Welbie,O'Bradden,wobraddenri@privacy.gov.au,149.255.198.247/27
992,Maiga,Gavaghan,mgavaghanrj@dailymotion.com,239.35.66.187/11
993,Vincenty,Merriton,vmerritonrk@dailymotion.com,137.93.59.214/16
994,Tomasine,Downton,tdowntonrl@homestead.com,34.228.218.177/14
995,Lanny,Magnay,lmagnayrm@amazon.co.uk,14.16.228.18/20
996,Walton,Murricanes,wmurricanesrn@dailymotion.com,243.224.150.104/4
997,Andreas,Brailey,abraileyro@biglobe.ne.jp,27.186.79.214/2
998,Gil,Hansford,ghansfordrp@mlb.com,90.253.215.76/3
999,Burl,Mottram,bmottramrq@ifeng.com,104.172.53.215/22
1000,Jerrie,Pether,jpetherrr@theatlantic.com,72.97.188.60/22
